id,candidateId,externalJobRef,driveFileId,ok,err
cmqyspuhj001c1dqibvw3m336,cmp6pqz4x00dg1dqq7apmboo3,hl-ap-278964,1rwqQuB49-i4TLh1gWEfQpALKIRRU3pnv,true,""
cmqyspuhr001d1dqixqv93lpy,cmp6pqz4x00dg1dqq7apmboo3,hl-ap-307896,1RmrArkBFLueO2-dh_VdsDV3rGDlsITXu,true,""
cmqyspuhy001e1dqiw8s3jcnp,cmp6pqz4x00dg1dqq7apmboo3,hl-ap-297385,1wiQzDPild4pTAtEmteZ0boNzexOkpGlW,true,""
cmqyspui7001f1dqihkdpvj7t,cmp6pqz4x00dg1dqq7apmboo3,hl-ap-309441,1T-MXEftG-fshWXk3A9iYGIELkiaiBw7T,true,""
cmqyspuie001g1dqi950mvqcd,cmp6pqz4x00dg1dqq7apmboo3,hl-ap-102640,1nPbULQE_wDfpdhic1WJruWKAYIVfBNhO,true,""
cmqyspuio001h1dqivomuz4ac,cmp6pqz4x00dg1dqq7apmboo3,hl-ap-305319,1bL2zcDyEU0px5J6acY9HlFlTWVAgrc8W,true,""
cmqyspuiw001i1dqiydpqlky8,cmp6pqz4x00dg1dqq7apmboo3,hl-ap-290274,1qFDfa1gwBYrHvY7lu-jwlnj6QwlfNOjg,true,""
cmqyspuj5001j1dqixmamawin,cmp6pqz4x00dg1dqq7apmboo3,hl-ap-241180,1sLPsRzPzTxbZqAFuVcMRw1uNARCnj1Ib,true,""
cmqyspujc001k1dqi5wdrxy2f,cmp6pqz4x00dg1dqq7apmboo3,hl-ap-305663,1cx03hSleV7lgBM2zONdd-vaFJ_JHgptA,true,""
cmqyspujk001l1dqi2j2l0ubx,cmp6pqz4x00dg1dqq7apmboo3,hl-ap-295339,1XxAJkW172QBPeEE4FEskktq4TIygvmZZ,true,""
cmqyspujr001m1dqixtr0f3ni,cmp6pqz4x00dg1dqq7apmboo3,hl-ap-315954,1j-3vmAGFRq8tC4sq072l_aHugHLrfCj1,true,""
cmqyspujz001n1dqixihrigot,cmp6pqz4x00dg1dqq7apmboo3,hl-ap-305712,1iBSeFmxmDi1JUUsDW_GSXsJu2xvHQCGK,true,""
cmqyspuk6001o1dqiei1pfzka,cmp6pqz4x00dg1dqq7apmboo3,hl-ap-284623,1MIi-XK-WyARy60onQb-YI3JsiWqfzTeN,true,""
cmqysurl9001q1dqioszyrndd,cmp6pqz4x00dg1dqq7apmboo3,hl-ap-307424,1DmB5vIouwBJDKcdmr03ICEyOXTmVx80C,true,""
cmqysursx001r1dqi8krra261,cmp6pqz4x00dg1dqq7apmboo3,hl-ap-231019,1LsAJG7HTG_Nv-d-vfMagnwGUqAdSxnH7,true,""
cmqysus0h001s1dqiwrp3mf7n,cmp6pqz4x00dg1dqq7apmboo3,hl-ap-287799,1rTXWHWuVYvfZ9-2e0BmVrG2LTVOMkurK,true,""
cmqysus83001t1dqiwvqda7c2,cmp6pqz4x00dg1dqq7apmboo3,hl-ap-291957,1eo9CVMVk8y7MLOPpGgm2GxXiIm5ztdpp,true,""
cmqysusfp001u1dqiykn0vltj,cmp6pqz4x00dg1dqq7apmboo3,hl-ap-294929,1gn4WcOz2tQ3OEfQhI3X2uMhgBEUVOg60,true,""
cmqysusna001v1dqiiyoya1qg,cmp6pqz4x00dg1dqq7apmboo3,hl-ap-272147,1VJXetbvor9JKuaS2AZAm_HCuHM3xcf43,true,""
cmqysusuv001w1dqizo72vg0x,cmp6pqz4x00dg1dqq7apmboo3,hl-ap-297129,15jLQAYC2wx6ULTOgb1wGswnGZOX99fhY,true,""
cmqysut2i001x1dqir43opwuj,cmp6pqz4x00dg1dqq7apmboo3,hl-ap-297956,1AQZMckAN4HTkJaADcUUjdlbVp0m7VeT-,true,""
cmqysuta3001y1dqimbtf9g1w,cmp6pqz4x00dg1dqq7apmboo3,hl-ap-312929,1w0jpo6oo-EEqtzu05lagAdvGyOFzJDyJ,true,""
cmqysuthr001z1dqitjyhtwss,cmp6pqz4x00dg1dqq7apmboo3,hl-ap-247595,1_j9HIE212AoZkJveMYgENfIPbY4CuEyi,true,""
cmqysutpc00201dqi1htlb5zr,cmp6pqz4x00dg1dqq7apmboo3,hl-ap-308140,1ic__eIaaYQLtgT2mZE7iF6q1THuAxlXJ,true,""
cmqysutwy00211dqi88ja3pcd,cmp6pqz4x00dg1dqq7apmboo3,hl-ap-265367,1jr4Lw6NfpfMg6TBiYfDA7Pb61FNd7TK6,true,""
cmqysuu4j00221dqid6lndrb0,cmp6pqz4x00dg1dqq7apmboo3,hl-ap-289519,1jmm-7C_BQctcfLKUzhF_hmPIxfo6VKS1,true,""
cmqyqyk92000b1dqi0syufsre,cmqrw5dyh00541doxmsguaj5g,hl-ap-318661,17Jn6Hix7K7YDqs1LHZPyRGViK8XIwrRN,true,""
cmqyqykgs000c1dqi4m7g4wrw,cmqrw5dyh00541doxmsguaj5g,hl-ap-266401,1bnjKxwBfp0TStUr923X_m7HfamxNxror,true,""
cmqyqykof000d1dqipptcecfs,cmqrw5dyh00541doxmsguaj5g,hl-ap-278418,1Dw4YVYlg8skh6xiin8fbMIGxr12K7cfA,true,""
cmqyqykw3000e1dqid1mqeyxm,cmqrw5dyh00541doxmsguaj5g,hl-ap-314851,1Hl26NZWkyuevomUgTU1rPoQLjRMAqpNw,true,""
cmqyqyl3o000f1dqibte7wbs0,cmqrw5dyh00541doxmsguaj5g,hl-ap-280671,1rjXJ6dOjM5I5zvnvFhMhYVoe_50PQNiv,true,""
cmqyqylbb000g1dqiczfva4s7,cmqrw5dyh00541doxmsguaj5g,hl-ap-120667,1Z5QMIHr9YXRdKPyn_8bmXVfvBpJcBLGT,true,""
cmqyqylix000h1dqidjjjczmy,cmqrw5dyh00541doxmsguaj5g,hl-ap-177336,1iAw3SzNL6q-CQX84XCxoVJ-bVelCvE2U,true,""
