id,source_type,extracted_at_before
cmqxldiwa00001dmepmixc09f,job-platform,
cmqxnddbo000c1dmeyoqdmxfq,job-platform,
cmqxsnpli00001dobz533rjwh,job-platform,
cmqycayun00051dp5cp1dkxnt,job-platform,
cmqycbcwd000a1dp54oo574ka,job-platform,
cmqyspuhj001c1dqibvw3m336,job-platform,
cmqyspuhr001d1dqixqv93lpy,job-platform,
cmqyspuhy001e1dqiw8s3jcnp,job-platform,
cmqyspui7001f1dqihkdpvj7t,job-platform,
cmqyspuie001g1dqi950mvqcd,job-platform,
cmqyspuio001h1dqivomuz4ac,job-platform,
cmqyspuiw001i1dqiydpqlky8,job-platform,
cmqyspuj5001j1dqixmamawin,job-platform,
cmqyspujc001k1dqi5wdrxy2f,job-platform,
cmqyspujk001l1dqi2j2l0ubx,job-platform,
cmqyspujr001m1dqixtr0f3ni,job-platform,
cmqyspujz001n1dqixihrigot,job-platform,
cmqyspuk6001o1dqiei1pfzka,job-platform,
cmqysurl9001q1dqioszyrndd,job-platform,
cmqysursx001r1dqi8krra261,job-platform,
cmqysus0h001s1dqiwrp3mf7n,job-platform,
cmqysus83001t1dqiwvqda7c2,job-platform,
cmqysusfp001u1dqiykn0vltj,job-platform,
cmqysusna001v1dqiiyoya1qg,job-platform,
cmqysusuv001w1dqizo72vg0x,job-platform,
cmqysut2i001x1dqir43opwuj,job-platform,
cmqysuta3001y1dqimbtf9g1w,job-platform,
cmqysuthr001z1dqitjyhtwss,job-platform,
cmqysutpc00201dqi1htlb5zr,job-platform,
cmqysutwy00211dqi88ja3pcd,job-platform,
cmqysuu4j00221dqid6lndrb0,job-platform,
cmqyqyk92000b1dqi0syufsre,job-platform,
cmqyqykgs000c1dqi4m7g4wrw,job-platform,
cmqyqykof000d1dqipptcecfs,job-platform,
cmqyqykw3000e1dqid1mqeyxm,job-platform,
cmqyqyl3o000f1dqibte7wbs0,job-platform,
cmqyqylbb000g1dqiczfva4s7,job-platform,
cmqyqylix000h1dqidjjjczmy,job-platform,
